id,ds,de
1,2019-12-02 00:00:00,2019-12-02 10:00:00
2,2019-12-08 02:00:00,2019-12-10 08:00:00
3,2019-12-25 16:00:00,2019-12-29 02:00:00
4,2020-01-03 20:00:00,2020-01-05 20:00:00
5,2020-01-08 00:00:00,2020-01-10 16:00:00
6,2020-01-17 04:00:00,2020-01-24 18:00:00
7,2020-01-29 00:00:00,2020-02-02 18:00:00
8,2020-02-07 00:00:00,2020-02-09 00:00:00
9,2020-02-22 00:00:00,2020-02-22 20:00:00
10,2020-02-29 14:00:00,2020-03-01 15:00:00
11,2020-03-06 03:00:00,2020-03-07 03:00:00
12,2020-03-12 18:00:00,2020-03-14 18:00:00
13,2020-03-17 10:00:00,2020-03-18 10:00:00
14,2020-03-20 08:00:00,2020-03-22 02:00:00